{
	"id": "d4eecd8e-7e73-4021-ba44-28a5cf10c6d6",
	"realm": "shabti",
	"notBefore": 0,
	"defaultSignatureAlgorithm": "RS256",
	"revokeRefreshToken": false,
	"refreshTokenMaxReuse": 0,
	"accessTokenLifespan": 300,
	"accessTokenLifespanForImplicitFlow": 900,
	"ssoSessionIdleTimeout": 1800,
	"ssoSessionMaxLifespan": 36000,
	"ssoSessionIdleTimeoutRememberMe": 0,
	"ssoSessionMaxLifespanRememberMe": 0,
	"offlineSessionIdleTimeout": 2592000,
	"offlineSessionMaxLifespanEnabled": false,
	"offlineSessionMaxLifespan": 5184000,
	"clientSessionIdleTimeout": 0,
	"clientSessionMaxLifespan": 0,
	"clientOfflineSessionIdleTimeout": 0,
	"clientOfflineSessionMaxLifespan": 0,
	"accessCodeLifespan": 60,
	"accessCodeLifespanUserAction": 300,
	"accessCodeLifespanLogin": 1800,
	"actionTokenGeneratedByAdminLifespan": 43200,
	"actionTokenGeneratedByUserLifespan": 300,
	"oauth2DeviceCodeLifespan": 600,
	"oauth2DevicePollingInterval": 5,
	"enabled": true,
	"sslRequired": "external",
	"registrationAllowed": false,
	"registrationEmailAsUsername": false,
	"rememberMe": false,
	"verifyEmail": false,
	"loginWithEmailAllowed": true,
	"duplicateEmailsAllowed": false,
	"resetPasswordAllowed": false,
	"editUsernameAllowed": false,
	"bruteForceProtected": false,
	"permanentLockout": false,
	"maxTemporaryLockouts": 0,
	"maxFailureWaitSeconds": 900,
	"minimumQuickLoginWaitSeconds": 60,
	"waitIncrementSeconds": 60,
	"quickLoginCheckMilliSeconds": 1000,
	"maxDeltaTimeSeconds": 43200,
	"failureFactor": 30,
	"roles": {
		"realm": [
			{
				"id": "424e0159-9c83-49f5-80c7-b04331d9c6df",
				"name": "offline_access",
				"description": "${role_offline-access}",
				"composite": false,
				"clientRole": false,
				"containerId": "d4eecd8e-7e73-4021-ba44-28a5cf10c6d6",
				"attributes": {}
			},
			{
				"id": "903bd259-6a20-4b04-baf8-3ecb48196e4c",
				"name": "uma_authorization",
				"description": "${role_uma_authorization}",
				"composite": false,
				"clientRole": false,
				"containerId": "d4eecd8e-7e73-4021-ba44-28a5cf10c6d6",
				"attributes": {}
			},
			{
				"id": "3c6f6879-0373-4f5a-8bbd-44ed85348b3e",
				"name": "default-roles-shabti",
				"description": "${role_default-roles}",
				"composite": true,
				"composites": {
					"realm": ["offline_access", "uma_authorization"]
				},
				"clientRole": false,
				"containerId": "d4eecd8e-7e73-4021-ba44-28a5cf10c6d6",
				"attributes": {}
			}
		],
		"client": {
			"shabti-auth": [
				{
					"id": "32e4408b-a602-4eae-b38c-5198c3f0576d",
					"name": "shared_read",
					"description": "",
					"composite": false,
					"clientRole": true,
					"containerId": "7a3ec428-36f2-49c4-91b1-8288dc44acb0",
					"attributes": {}
				},
				{
					"id": "6e0356bb-69f9-4132-b7cc-f425701d70ba",
					"name": "admin",
					"description": "",
					"composite": true,
					"composites": {
						"client": {
							"shabti-auth": [
								"shared_read",
								"shared_read_write",
								"private_collection"
							]
						}
					},
					"clientRole": true,
					"containerId": "7a3ec428-36f2-49c4-91b1-8288dc44acb0",
					"attributes": {}
				},
				{
					"id": "2edde166-315f-458a-ac36-80a55a186a17",
					"name": "shared_read_write",
					"description": "",
					"composite": false,
					"clientRole": true,
					"containerId": "7a3ec428-36f2-49c4-91b1-8288dc44acb0",
					"attributes": {}
				},
				{
					"id": "41dace0b-009a-4875-bc7e-9a44c4287bc6",
					"name": "uma_protection",
					"description": "",
					"composite": false,
					"clientRole": true,
					"containerId": "7a3ec428-36f2-49c4-91b1-8288dc44acb0",
					"attributes": {}
				},
				{
					"id": "b82d9786-1db2-4c06-a8fc-285fab583ab6",
					"name": "private_collection",
					"description": "",
					"composite": false,
					"clientRole": true,
					"containerId": "7a3ec428-36f2-49c4-91b1-8288dc44acb0",
					"attributes": {}
				}
			],
			"realm-management": [
				{
					"id": "961a50e1-516a-42aa-908e-61a9d15af175",
					"name": "manage-identity-providers",
					"description": "${role_manage-identity-providers}",
					"composite": false,
					"clientRole": true,
					"containerId": "999fd7fa-4a16-43df-b4c8-11b9ba089ed2",
					"attributes": {}
				},
				{
					"id": "06001173-9571-40e0-8358-cf4745fa2a97",
					"name": "view-users",
					"description": "${role_view-users}",
					"composite": true,
					"composites": {
						"client": {
							"realm-management": ["query-users", "query-groups"]
						}
					},
					"clientRole": true,
					"containerId": "999fd7fa-4a16-43df-b4c8-11b9ba089ed2",
					"attributes": {}
				},
				{
					"id": "eae68fb2-5b96-427e-a699-f3cf3cba89b3",
					"name": "query-realms",
					"description": "${role_query-realms}",
					"composite": false,
					"clientRole": true,
					"containerId": "999fd7fa-4a16-43df-b4c8-11b9ba089ed2",
					"attributes": {}
				},
				{
					"id": "376ece3b-f056-4615-9745-fb4ec7ec7265",
					"name": "view-identity-providers",
					"description": "${role_view-identity-providers}",
					"composite": false,
					"clientRole": true,
					"containerId": "999fd7fa-4a16-43df-b4c8-11b9ba089ed2",
					"attributes": {}
				},
				{
					"id": "70848591-ce2c-41c7-914e-7f9c7602cdde",
					"name": "query-groups",
					"description": "${role_query-groups}",
					"composite": false,
					"clientRole": true,
					"containerId": "999fd7fa-4a16-43df-b4c8-11b9ba089ed2",
					"attributes": {}
				},
				{
					"id": "481d6db1-cdca-45e2-8633-2edb6a26c7b0",
					"name": "view-clients",
					"description": "${role_view-clients}",
					"composite": true,
					"composites": {
						"client": {
							"realm-management": ["query-clients"]
						}
					},
					"clientRole": true,
					"containerId": "999fd7fa-4a16-43df-b4c8-11b9ba089ed2",
					"attributes": {}
				},
				{
					"id": "3068965e-213c-4080-8fac-8643e1cc113c",
					"name": "realm-admin",
					"description": "${role_realm-admin}",
					"composite": true,
					"composites": {
						"client": {
							"realm-management": [
								"manage-identity-providers",
								"view-users",
								"query-realms",
								"view-identity-providers",
								"query-groups",
								"view-clients",
								"view-authorization",
								"impersonation",
								"manage-users",
								"create-client",
								"query-users",
								"manage-realm",
								"manage-authorization",
								"manage-clients",
								"view-events",
								"view-realm",
								"query-clients",
								"manage-events"
							]
						}
					},
					"clientRole": true,
					"containerId": "999fd7fa-4a16-43df-b4c8-11b9ba089ed2",
					"attributes": {}
				},
				{
					"id": "9af503dd-1107-4b86-8cb9-1c0d10147d4b",
					"name": "view-authorization",
					"description": "${role_view-authorization}",
					"composite": false,
					"clientRole": true,
					"containerId": "999fd7fa-4a16-43df-b4c8-11b9ba089ed2",
					"attributes": {}
				},
				{
					"id": "2ca3e100-438c-4e85-a9bc-e06fa317eeda",
					"name": "impersonation",
					"description": "${role_impersonation}",
					"composite": false,
					"clientRole": true,
					"containerId": "999fd7fa-4a16-43df-b4c8-11b9ba089ed2",
					"attributes": {}
				},
				{
					"id": "fbf16d05-519c-4eb5-8c79-c3e3c974a42f",
					"name": "create-client",
					"description": "${role_create-client}",
					"composite": false,
					"clientRole": true,
					"containerId": "999fd7fa-4a16-43df-b4c8-11b9ba089ed2",
					"attributes": {}
				},
				{
					"id": "870346de-f328-4dc7-bb54-6ac9f1fba180",
					"name": "manage-users",
					"description": "${role_manage-users}",
					"composite": false,
					"clientRole": true,
					"containerId": "999fd7fa-4a16-43df-b4c8-11b9ba089ed2",
					"attributes": {}
				},
				{
					"id": "cdba357a-f56d-4ee0-82e4-c44b9a8bea34",
					"name": "manage-realm",
					"description": "${role_manage-realm}",
					"composite": false,
					"clientRole": true,
					"containerId": "999fd7fa-4a16-43df-b4c8-11b9ba089ed2",
					"attributes": {}
				},
				{
					"id": "09623b88-c482-4db6-83cc-a129c050a8ff",
					"name": "query-users",
					"description": "${role_query-users}",
					"composite": false,
					"clientRole": true,
					"containerId": "999fd7fa-4a16-43df-b4c8-11b9ba089ed2",
					"attributes": {}
				},
				{
					"id": "4fa9034a-d507-481e-bb68-eef810e6fe59",
					"name": "manage-authorization",
					"description": "${role_manage-authorization}",
					"composite": false,
					"clientRole": true,
					"containerId": "999fd7fa-4a16-43df-b4c8-11b9ba089ed2",
					"attributes": {}
				},
				{
					"id": "12d78a90-211d-40b1-9e14-5e5ceee2b860",
					"name": "manage-clients",
					"description": "${role_manage-clients}",
					"composite": false,
					"clientRole": true,
					"containerId": "999fd7fa-4a16-43df-b4c8-11b9ba089ed2",
					"attributes": {}
				},
				{
					"id": "c0945b6e-b10e-47c2-8772-13fd67e9a448",
					"name": "view-events",
					"description": "${role_view-events}",
					"composite": false,
					"clientRole": true,
					"containerId": "999fd7fa-4a16-43df-b4c8-11b9ba089ed2",
					"attributes": {}
				},
				{
					"id": "d915a309-35e8-4ca9-b118-bad297c42494",
					"name": "view-realm",
					"description": "${role_view-realm}",
					"composite": false,
					"clientRole": true,
					"containerId": "999fd7fa-4a16-43df-b4c8-11b9ba089ed2",
					"attributes": {}
				},
				{
					"id": "24b58331-7dbd-47bf-aba9-7695f58dcbb9",
					"name": "query-clients",
					"description": "${role_query-clients}",
					"composite": false,
					"clientRole": true,
					"containerId": "999fd7fa-4a16-43df-b4c8-11b9ba089ed2",
					"attributes": {}
				},
				{
					"id": "90c21d1e-6ea4-4da7-8bf1-b18a7acef46e",
					"name": "manage-events",
					"description": "${role_manage-events}",
					"composite": false,
					"clientRole": true,
					"containerId": "999fd7fa-4a16-43df-b4c8-11b9ba089ed2",
					"attributes": {}
				}
			],
			"security-admin-console": [],
			"admin-cli": [],
			"account-console": [],
			"broker": [],
			"account": [
				{
					"id": "c52e955e-f90b-458e-8367-041675f6f260",
					"name": "view-groups",
					"composite": false,
					"clientRole": true,
					"containerId": "adfee465-b377-4f93-81af-6f0e3515609f",
					"attributes": {}
				},
				{
					"id": "5c85de6a-c200-41ec-89cb-43faeeede306",
					"name": "delete-account",
					"description": "${role_delete-account}",
					"composite": false,
					"clientRole": true,
					"containerId": "adfee465-b377-4f93-81af-6f0e3515609f",
					"attributes": {}
				},
				{
					"id": "fc2003a4-a2fc-4259-b468-e5f0752ad3f2",
					"name": "manage-account",
					"composite": false,
					"clientRole": true,
					"containerId": "adfee465-b377-4f93-81af-6f0e3515609f",
					"attributes": {}
				}
			]
		}
	},
	"groups": [],
	"defaultRole": {
		"id": "3c6f6879-0373-4f5a-8bbd-44ed85348b3e",
		"name": "default-roles-shabti",
		"description": "${role_default-roles}",
		"composite": true,
		"clientRole": false,
		"containerId": "d4eecd8e-7e73-4021-ba44-28a5cf10c6d6"
	},
	"requiredCredentials": ["password"],
	"otpPolicyType": "totp",
	"otpPolicyAlgorithm": "HmacSHA1",
	"otpPolicyInitialCounter": 0,
	"otpPolicyDigits": 6,
	"otpPolicyLookAheadWindow": 1,
	"otpPolicyPeriod": 30,
	"otpPolicyCodeReusable": false,
	"otpSupportedApplications": [
		"totpAppFreeOTPName",
		"totpAppGoogleName",
		"totpAppMicrosoftAuthenticatorName"
	],
	"localizationTexts": {},
	"webAuthnPolicyRpEntityName": "keycloak",
	"webAuthnPolicySignatureAlgorithms": ["ES256", "RS256"],
	"webAuthnPolicyRpId": "",
	"webAuthnPolicyAttestationConveyancePreference": "not specified",
	"webAuthnPolicyAuthenticatorAttachment": "not specified",
	"webAuthnPolicyRequireResidentKey": "not specified",
	"webAuthnPolicyUserVerificationRequirement": "not specified",
	"webAuthnPolicyCreateTimeout": 0,
	"webAuthnPolicyAvoidSameAuthenticatorRegister": false,
	"webAuthnPolicyAcceptableAaguids": [],
	"webAuthnPolicyExtraOrigins": [],
	"webAuthnPolicyPasswordlessRpEntityName": "keycloak",
	"webAuthnPolicyPasswordlessSignatureAlgorithms": ["ES256", "RS256"],
	"webAuthnPolicyPasswordlessRpId": "",
	"webAuthnPolicyPasswordlessAttestationConveyancePreference": "not specified",
	"webAuthnPolicyPasswordlessAuthenticatorAttachment": "not specified",
	"webAuthnPolicyPasswordlessRequireResidentKey": "not specified",
	"webAuthnPolicyPasswordlessUserVerificationRequirement": "not specified",
	"webAuthnPolicyPasswordlessCreateTimeout": 0,
	"webAuthnPolicyPasswordlessAvoidSameAuthenticatorRegister": false,
	"webAuthnPolicyPasswordlessAcceptableAaguids": [],
	"webAuthnPolicyPasswordlessExtraOrigins": [],
	"users": [
		{
			"id": "0913c729-fd50-49b6-9614-64adc635cb88",
			"username": "service-account-shabti-auth",
			"emailVerified": false,
			"createdTimestamp": 1728549988415,
			"enabled": true,
			"totp": false,
			"serviceAccountClientId": "shabti-auth",
			"disableableCredentialTypes": [],
			"requiredActions": [],
			"clientRoles": {
				"shabti-auth": ["uma_protection", "admin"],
				"realm-management": ["realm-admin"]
			},
			"notBefore": 0,
			"groups": []
		}
	],
	"scopeMappings": [
		{
			"clientScope": "offline_access",
			"roles": ["offline_access"]
		}
	],
	"clientScopeMappings": {
		"account": [
			{
				"client": "account-console",
				"roles": ["manage-account", "view-groups"]
			}
		]
	},
	"clients": [
		{
			"id": "adfee465-b377-4f93-81af-6f0e3515609f",
			"clientId": "account",
			"name": "${client_account}",
			"rootUrl": "${authBaseUrl}",
			"baseUrl": "/realms/shabti/account/",
			"surrogateAuthRequired": false,
			"enabled": true,
			"alwaysDisplayInConsole": false,
			"clientAuthenticatorType": "client-secret",
			"redirectUris": ["/realms/shabti/account/*"],
			"webOrigins": [],
			"notBefore": 0,
			"bearerOnly": false,
			"consentRequired": false,
			"standardFlowEnabled": true,
			"implicitFlowEnabled": false,
			"directAccessGrantsEnabled": false,
			"serviceAccountsEnabled": false,
			"publicClient": true,
			"frontchannelLogout": false,
			"protocol": "openid-connect",
			"attributes": {
				"realm_client": "false",
				"post.logout.redirect.uris": "+"
			},
			"authenticationFlowBindingOverrides": {},
			"fullScopeAllowed": false,
			"nodeReRegistrationTimeout": 0,
			"defaultClientScopes": [
				"web-origins",
				"acr",
				"profile",
				"roles",
				"basic",
				"email"
			],
			"optionalClientScopes": [
				"address",
				"phone",
				"organization",
				"offline_access",
				"microprofile-jwt"
			]
		},
		{
			"id": "02165ade-cbe2-4fc2-b04d-e0d828b0830f",
			"clientId": "account-console",
			"name": "${client_account-console}",
			"rootUrl": "${authBaseUrl}",
			"baseUrl": "/realms/shabti/account/",
			"surrogateAuthRequired": false,
			"enabled": true,
			"alwaysDisplayInConsole": false,
			"clientAuthenticatorType": "client-secret",
			"redirectUris": ["/realms/shabti/account/*"],
			"webOrigins": [],
			"notBefore": 0,
			"bearerOnly": false,
			"consentRequired": false,
			"standardFlowEnabled": true,
			"implicitFlowEnabled": false,
			"directAccessGrantsEnabled": false,
			"serviceAccountsEnabled": false,
			"publicClient": true,
			"frontchannelLogout": false,
			"protocol": "openid-connect",
			"attributes": {
				"realm_client": "false",
				"post.logout.redirect.uris": "+",
				"pkce.code.challenge.method": "S256"
			},
			"authenticationFlowBindingOverrides": {},
			"fullScopeAllowed": false,
			"nodeReRegistrationTimeout": 0,
			"protocolMappers": [
				{
					"id": "3da0dab8-ece1-44fb-b24f-d99a13593cdf",
					"name": "audience resolve",
					"protocol": "openid-connect",
					"protocolMapper": "oidc-audience-resolve-mapper",
					"consentRequired": false,
					"config": {}
				}
			],
			"defaultClientScopes": [
				"web-origins",
				"acr",
				"profile",
				"roles",
				"basic",
				"email"
			],
			"optionalClientScopes": [
				"address",
				"phone",
				"organization",
				"offline_access",
				"microprofile-jwt"
			]
		},
		{
			"id": "aed548d7-68c4-4017-8c0f-a33141416522",
			"clientId": "admin-cli",
			"name": "${client_admin-cli}",
			"surrogateAuthRequired": false,
			"enabled": true,
			"alwaysDisplayInConsole": false,
			"clientAuthenticatorType": "client-secret",
			"redirectUris": [],
			"webOrigins": [],
			"notBefore": 0,
			"bearerOnly": false,
			"consentRequired": false,
			"standardFlowEnabled": false,
			"implicitFlowEnabled": false,
			"directAccessGrantsEnabled": true,
			"serviceAccountsEnabled": false,
			"publicClient": true,
			"frontchannelLogout": false,
			"protocol": "openid-connect",
			"attributes": {
				"realm_client": "false",
				"client.use.lightweight.access.token.enabled": "true",
				"post.logout.redirect.uris": "+"
			},
			"authenticationFlowBindingOverrides": {},
			"fullScopeAllowed": true,
			"nodeReRegistrationTimeout": 0,
			"defaultClientScopes": [
				"web-origins",
				"acr",
				"profile",
				"roles",
				"basic",
				"email"
			],
			"optionalClientScopes": [
				"address",
				"phone",
				"organization",
				"offline_access",
				"microprofile-jwt"
			]
		},
		{
			"id": "b81482f6-6cea-485d-83b8-708178b8a797",
			"clientId": "broker",
			"name": "${client_broker}",
			"surrogateAuthRequired": false,
			"enabled": true,
			"alwaysDisplayInConsole": false,
			"clientAuthenticatorType": "client-secret",
			"redirectUris": [],
			"webOrigins": [],
			"notBefore": 0,
			"bearerOnly": true,
			"consentRequired": false,
			"standardFlowEnabled": true,
			"implicitFlowEnabled": false,
			"directAccessGrantsEnabled": false,
			"serviceAccountsEnabled": false,
			"publicClient": false,
			"frontchannelLogout": false,
			"protocol": "openid-connect",
			"attributes": {
				"realm_client": "true",
				"post.logout.redirect.uris": "+"
			},
			"authenticationFlowBindingOverrides": {},
			"fullScopeAllowed": false,
			"nodeReRegistrationTimeout": 0,
			"defaultClientScopes": [
				"web-origins",
				"acr",
				"profile",
				"roles",
				"basic",
				"email"
			],
			"optionalClientScopes": [
				"address",
				"phone",
				"organization",
				"offline_access",
				"microprofile-jwt"
			]
		},
		{
			"id": "7a3ec428-36f2-49c4-91b1-8288dc44acb0",
			"clientId": "shabti-auth",
			"name": "",
			"description": "",
			"rootUrl": "",
			"adminUrl": "",
			"baseUrl": "",
			"surrogateAuthRequired": false,
			"enabled": true,
			"alwaysDisplayInConsole": false,
			"clientAuthenticatorType": "client-secret",
			"redirectUris": [
				"http://${SHABTI_HOST}:${SHABTI_PORT}/callback",
				"https://${SHABTI_HOST}:${SHABTI_PORT}/callback",
				"http://127.0.0.1:8000/*"
			],
			"webOrigins": [
				"https://${SHABTI_HOST}:${SHABTI_PORT}",
				"http://${SHABTI_HOST}:${SHABTI_PORT}",
				"http://127.0.0.1:8000"
			],
			"notBefore": 0,
			"bearerOnly": false,
			"consentRequired": false,
			"standardFlowEnabled": true,
			"implicitFlowEnabled": false,
			"directAccessGrantsEnabled": true,
			"serviceAccountsEnabled": true,
			"authorizationServicesEnabled": true,
			"publicClient": false,
			"frontchannelLogout": true,
			"protocol": "openid-connect",
			"attributes": {
				"realm_client": "false",
				"oidc.ciba.grant.enabled": "false",
				"client.secret.creation.time": "1728549988",
				"backchannel.logout.session.required": "true",
				"post.logout.redirect.uris": "+",
				"oauth2.device.authorization.grant.enabled": "false",
				"display.on.consent.screen": "false",
				"backchannel.logout.revoke.offline.tokens": "false"
			},
			"authenticationFlowBindingOverrides": {},
			"fullScopeAllowed": true,
			"nodeReRegistrationTimeout": -1,
			"protocolMappers": [
				{
					"id": "a658d69c-7b8d-4592-a1cb-f1419a1a5ad3",
					"name": "Client ID",
					"protocol": "openid-connect",
					"protocolMapper": "oidc-usersessionmodel-note-mapper",
					"consentRequired": false,
					"config": {
						"user.session.note": "client_id",
						"introspection.token.claim": "true",
						"userinfo.token.claim": "true",
						"id.token.claim": "true",
						"access.token.claim": "true",
						"claim.name": "client_id",
						"jsonType.label": "String"
					}
				},
				{
					"id": "65590eaa-edea-4041-8b91-453353483e83",
					"name": "Client Host",
					"protocol": "openid-connect",
					"protocolMapper": "oidc-usersessionmodel-note-mapper",
					"consentRequired": false,
					"config": {
						"user.session.note": "clientHost",
						"introspection.token.claim": "true",
						"userinfo.token.claim": "true",
						"id.token.claim": "true",
						"access.token.claim": "true",
						"claim.name": "clientHost",
						"jsonType.label": "String"
					}
				},
				{
					"id": "7f15e2ca-c26e-41c3-a630-d6ad1424be95",
					"name": "Client IP Address",
					"protocol": "openid-connect",
					"protocolMapper": "oidc-usersessionmodel-note-mapper",
					"consentRequired": false,
					"config": {
						"user.session.note": "clientAddress",
						"introspection.token.claim": "true",
						"userinfo.token.claim": "true",
						"id.token.claim": "true",
						"access.token.claim": "true",
						"claim.name": "clientAddress",
						"jsonType.label": "String"
					}
				}
			],
			"defaultClientScopes": [
				"web-origins",
				"acr",
				"profile",
				"roles",
				"basic",
				"email"
			],
			"optionalClientScopes": [
				"address",
				"phone",
				"organization",
				"offline_access",
				"microprofile-jwt"
			],
			"authorizationSettings": {
				"allowRemoteResourceManagement": true,
				"policyEnforcementMode": "ENFORCING",
				"resources": [
					{
						"name": "collection:private:create",
						"type": "collection:private:create",
						"ownerManagedAccess": false,
						"displayName": "collection:private:create",
						"attributes": {},
						"uris": [],
						"icon_uri": ""
					},
					{
						"name": "collection:shared:create",
						"type": "collection:shared:create",
						"ownerManagedAccess": false,
						"displayName": "collection:shared:create",
						"attributes": {},
						"uris": [],
						"icon_uri": ""
					},
					{
						"name": "collection:private:assign",
						"type": "collection:private:assign",
						"ownerManagedAccess": false,
						"displayName": "collection:private:assign",
						"attributes": {},
						"uris": [],
						"icon_uri": ""
					},
					{
						"name": "collection:shared:assign",
						"type": "collection:shared:assign",
						"ownerManagedAccess": false,
						"displayName": "collection:shared:assign",
						"attributes": {},
						"uris": [],
						"icon_uri": ""
					},
					{
						"_id": "default-1",
						"name": "collection:private:default",
						"type": "collection:private",
						"ownerManagedAccess": false,
						"displayName": "collection:private:default",
						"attributes": {},
						"uris": [],
						"scopes": [
							{
								"name": "read"
							},
							{
								"name": "update"
							},
							{
								"name": "delete"
							}
						],
						"icon_uri": ""
					},
					{
						"_id": "default-2",
						"name": "collection:shared:default",
						"type": "collection:shared",
						"ownerManagedAccess": false,
						"displayName": "collection:shared:default",
						"attributes": {},
						"uris": [],
						"scopes": [
							{
								"name": "read"
							},
							{
								"name": "update"
							},
							{
								"name": "delete"
							}
						],
						"icon_uri": ""
					}
				],
				"policies": [
					{
						"name": "admin-policy",
						"description": "",
						"type": "role",
						"logic": "POSITIVE",
						"decisionStrategy": "UNANIMOUS",
						"config": {
							"fetchRoles": "false",
							"roles": "[{\"id\":\"shabti-auth/admin\",\"required\":false}]"
						}
					},
					{
						"name": "shared-read-write-policy",
						"description": "",
						"type": "role",
						"logic": "POSITIVE",
						"decisionStrategy": "UNANIMOUS",
						"config": {
							"fetchRoles": "false",
							"roles": "[{\"id\":\"shabti-auth/shared_read_write\",\"required\":false},{\"id\":\"shabti-auth/admin\",\"required\":false}]"
						}
					},
					{
						"name": "is-owner-policy",
						"description": "",
						"type": "script-owner-policy.js",
						"logic": "POSITIVE",
						"decisionStrategy": "UNANIMOUS",
						"config": {}
					},
					{
						"name": "access-own-collection-policy",
						"description": "",
						"type": "role",
						"logic": "POSITIVE",
						"decisionStrategy": "UNANIMOUS",
						"config": {
							"fetchRoles": "false",
							"roles": "[{\"id\":\"shabti-auth/private_collection\",\"required\":false}]"
						}
					},
					{
						"name": "read-shared-policy",
						"description": "",
						"type": "role",
						"logic": "POSITIVE",
						"decisionStrategy": "UNANIMOUS",
						"config": {
							"fetchRoles": "false",
							"roles": "[{\"id\":\"shabti-auth/shared_read\",\"required\":false}]"
						}
					},
					{
						"name": "private-read-edit",
						"description": "",
						"type": "scope",
						"logic": "POSITIVE",
						"decisionStrategy": "UNANIMOUS",
						"config": {
							"defaultResourceType": "collection:private",
							"applyPolicies": "[\"admin-policy\"]",
							"scopes": "[\"delete\",\"read\",\"update\"]"
						}
					},
					{
						"name": "shared-read-edit",
						"description": "",
						"type": "scope",
						"logic": "POSITIVE",
						"decisionStrategy": "UNANIMOUS",
						"config": {
							"defaultResourceType": "collection:shared",
							"applyPolicies": "[\"shared-read-write-policy\"]",
							"scopes": "[\"delete\",\"read\",\"update\"]"
						}
					},
					{
						"name": "own-collection-read-edit",
						"description": "",
						"type": "scope",
						"logic": "POSITIVE",
						"decisionStrategy": "UNANIMOUS",
						"config": {
							"defaultResourceType": "collection:private",
							"applyPolicies": "[\"is-owner-policy\",\"access-own-collection-policy\"]",
							"scopes": "[\"delete\",\"read\",\"update\"]"
						}
					},
					{
						"name": "own-collection-create",
						"description": "",
						"type": "resource",
						"logic": "POSITIVE",
						"decisionStrategy": "UNANIMOUS",
						"config": {
							"defaultResourceType": "collection:private:create",
							"applyPolicies": "[\"access-own-collection-policy\"]"
						}
					},
					{
						"name": "private-assign",
						"description": "",
						"type": "resource",
						"logic": "POSITIVE",
						"decisionStrategy": "UNANIMOUS",
						"config": {
							"defaultResourceType": "collection:private:assign",
							"applyPolicies": "[\"admin-policy\"]"
						}
					},
					{
						"name": "shared-assign",
						"description": "",
						"type": "resource",
						"logic": "POSITIVE",
						"decisionStrategy": "UNANIMOUS",
						"config": {
							"defaultResourceType": "collection:shared:assign",
							"applyPolicies": "[\"admin-policy\"]"
						}
					},
					{
						"name": "shared-create",
						"description": "",
						"type": "resource",
						"logic": "POSITIVE",
						"decisionStrategy": "UNANIMOUS",
						"config": {
							"defaultResourceType": "collection:shared:create",
							"applyPolicies": "[\"shared-read-write-policy\"]"
						}
					},
					{
						"name": "shared-read",
						"description": "",
						"type": "scope",
						"logic": "POSITIVE",
						"decisionStrategy": "UNANIMOUS",
						"config": {
							"defaultResourceType": "collection:shared",
							"applyPolicies": "[\"read-shared-policy\"]",
							"scopes": "[\"read\"]"
						}
					}
				],
				"scopes": [
					{
						"name": "read",
						"iconUri": ""
					},
					{
						"name": "update",
						"iconUri": ""
					},
					{
						"name": "delete",
						"iconUri": ""
					}
				],
				"decisionStrategy": "AFFIRMATIVE"
			}
		},
		{
			"id": "999fd7fa-4a16-43df-b4c8-11b9ba089ed2",
			"clientId": "realm-management",
			"name": "${client_realm-management}",
			"surrogateAuthRequired": false,
			"enabled": true,
			"alwaysDisplayInConsole": false,
			"clientAuthenticatorType": "client-secret",
			"redirectUris": [],
			"webOrigins": [],
			"notBefore": 0,
			"bearerOnly": true,
			"consentRequired": false,
			"standardFlowEnabled": true,
			"implicitFlowEnabled": false,
			"directAccessGrantsEnabled": false,
			"serviceAccountsEnabled": false,
			"publicClient": false,
			"frontchannelLogout": false,
			"protocol": "openid-connect",
			"attributes": {
				"realm_client": "true",
				"post.logout.redirect.uris": "+"
			},
			"authenticationFlowBindingOverrides": {},
			"fullScopeAllowed": false,
			"nodeReRegistrationTimeout": 0,
			"defaultClientScopes": [
				"web-origins",
				"acr",
				"profile",
				"roles",
				"basic",
				"email"
			],
			"optionalClientScopes": [
				"address",
				"phone",
				"organization",
				"offline_access",
				"microprofile-jwt"
			]
		},
		{
			"id": "ba3e4cc4-64f6-40bf-922c-05d8eb2cd5f9",
			"clientId": "security-admin-console",
			"name": "${client_security-admin-console}",
			"rootUrl": "${authAdminUrl}",
			"baseUrl": "/admin/shabti/console/",
			"surrogateAuthRequired": false,
			"enabled": true,
			"alwaysDisplayInConsole": false,
			"clientAuthenticatorType": "client-secret",
			"redirectUris": ["/admin/shabti/console/*"],
			"webOrigins": ["+"],
			"notBefore": 0,
			"bearerOnly": false,
			"consentRequired": false,
			"standardFlowEnabled": true,
			"implicitFlowEnabled": false,
			"directAccessGrantsEnabled": false,
			"serviceAccountsEnabled": false,
			"publicClient": true,
			"frontchannelLogout": false,
			"protocol": "openid-connect",
			"attributes": {
				"realm_client": "false",
				"client.use.lightweight.access.token.enabled": "true",
				"post.logout.redirect.uris": "+",
				"pkce.code.challenge.method": "S256"
			},
			"authenticationFlowBindingOverrides": {},
			"fullScopeAllowed": true,
			"nodeReRegistrationTimeout": 0,
			"protocolMappers": [
				{
					"id": "ced25414-8457-4ee5-9a50-884d8872569e",
					"name": "locale",
					"protocol": "openid-connect",
					"protocolMapper": "oidc-usermodel-attribute-mapper",
					"consentRequired": false,
					"config": {
						"introspection.token.claim": "true",
						"userinfo.token.claim": "true",
						"user.attribute": "locale",
						"id.token.claim": "true",
						"access.token.claim": "true",
						"claim.name": "locale",
						"jsonType.label": "String"
					}
				}
			],
			"defaultClientScopes": [
				"web-origins",
				"acr",
				"profile",
				"roles",
				"basic",
				"email"
			],
			"optionalClientScopes": [
				"address",
				"phone",
				"organization",
				"offline_access",
				"microprofile-jwt"
			]
		}
	],
	"clientScopes": [
		{
			"id": "3f46447d-7e1e-4bed-a192-6ff1e36977af",
			"name": "profile",
			"description": "OpenID Connect built-in scope: profile",
			"protocol": "openid-connect",
			"attributes": {
				"include.in.token.scope": "true",
				"consent.screen.text": "${profileScopeConsentText}",
				"display.on.consent.screen": "true"
			},
			"protocolMappers": [
				{
					"id": "fea6128b-fff6-4a0b-ba80-9b2424dc9c2f",
					"name": "birthdate",
					"protocol": "openid-connect",
					"protocolMapper": "oidc-usermodel-attribute-mapper",
					"consentRequired": false,
					"config": {
						"introspection.token.claim": "true",
						"userinfo.token.claim": "true",
						"user.attribute": "birthdate",
						"id.token.claim": "true",
						"access.token.claim": "true",
						"claim.name": "birthdate",
						"jsonType.label": "String"
					}
				},
				{
					"id": "3a86f892-8e3b-4287-b777-1b26377f5a8e",
					"name": "family name",
					"protocol": "openid-connect",
					"protocolMapper": "oidc-usermodel-attribute-mapper",
					"consentRequired": false,
					"config": {
						"introspection.token.claim": "true",
						"userinfo.token.claim": "true",
						"user.attribute": "lastName",
						"id.token.claim": "true",
						"access.token.claim": "true",
						"claim.name": "family_name",
						"jsonType.label": "String"
					}
				},
				{
					"id": "3900b58c-e10b-457f-960f-5cc751c064f5",
					"name": "given name",
					"protocol": "openid-connect",
					"protocolMapper": "oidc-usermodel-attribute-mapper",
					"consentRequired": false,
					"config": {
						"introspection.token.claim": "true",
						"userinfo.token.claim": "true",
						"user.attribute": "firstName",
						"id.token.claim": "true",
						"access.token.claim": "true",
						"claim.name": "given_name",
						"jsonType.label": "String"
					}
				},
				{
					"id": "f9a4949e-af7c-4be1-8db1-f17f74c186bb",
					"name": "locale",
					"protocol": "openid-connect",
					"protocolMapper": "oidc-usermodel-attribute-mapper",
					"consentRequired": false,
					"config": {
						"introspection.token.claim": "true",
						"userinfo.token.claim": "true",
						"user.attribute": "locale",
						"id.token.claim": "true",
						"access.token.claim": "true",
						"claim.name": "locale",
						"jsonType.label": "String"
					}
				},
				{
					"id": "037387d5-1a86-4d2d-b4eb-acf159e7d796",
					"name": "website",
					"protocol": "openid-connect",
					"protocolMapper": "oidc-usermodel-attribute-mapper",
					"consentRequired": false,
					"config": {
						"introspection.token.claim": "true",
						"userinfo.token.claim": "true",
						"user.attribute": "website",
						"id.token.claim": "true",
						"access.token.claim": "true",
						"claim.name": "website",
						"jsonType.label": "String"
					}
				},
				{
					"id": "c666f01d-71ef-4eeb-ad35-747970259e98",
					"name": "middle name",
					"protocol": "openid-connect",
					"protocolMapper": "oidc-usermodel-attribute-mapper",
					"consentRequired": false,
					"config": {
						"introspection.token.claim": "true",
						"userinfo.token.claim": "true",
						"user.attribute": "middleName",
						"id.token.claim": "true",
						"access.token.claim": "true",
						"claim.name": "middle_name",
						"jsonType.label": "String"
					}
				},
				{
					"id": "a1c814df-8b54-437d-91ec-941095de0376",
					"name": "profile",
					"protocol": "openid-connect",
					"protocolMapper": "oidc-usermodel-attribute-mapper",
					"consentRequired": false,
					"config": {
						"introspection.token.claim": "true",
						"userinfo.token.claim": "true",
						"user.attribute": "profile",
						"id.token.claim": "true",
						"access.token.claim": "true",
						"claim.name": "profile",
						"jsonType.label": "String"
					}
				},
				{
					"id": "02e1d3be-43ef-4f70-998d-12238df00757",
					"name": "gender",
					"protocol": "openid-connect",
					"protocolMapper": "oidc-usermodel-attribute-mapper",
					"consentRequired": false,
					"config": {
						"introspection.token.claim": "true",
						"userinfo.token.claim": "true",
						"user.attribute": "gender",
						"id.token.claim": "true",
						"access.token.claim": "true",
						"claim.name": "gender",
						"jsonType.label": "String"
					}
				},
				{
					"id": "6d8d2fca-acda-46f2-a616-94791fc7ee7f",
					"name": "nickname",
					"protocol": "openid-connect",
					"protocolMapper": "oidc-usermodel-attribute-mapper",
					"consentRequired": false,
					"config": {
						"introspection.token.claim": "true",
						"userinfo.token.claim": "true",
						"user.attribute": "nickname",
						"id.token.claim": "true",
						"access.token.claim": "true",
						"claim.name": "nickname",
						"jsonType.label": "String"
					}
				},
				{
					"id": "e4c9f960-da06-43e3-b170-7994c5ca7f72",
					"name": "zoneinfo",
					"protocol": "openid-connect",
					"protocolMapper": "oidc-usermodel-attribute-mapper",
					"consentRequired": false,
					"config": {
						"introspection.token.claim": "true",
						"userinfo.token.claim": "true",
						"user.attribute": "zoneinfo",
						"id.token.claim": "true",
						"access.token.claim": "true",
						"claim.name": "zoneinfo",
						"jsonType.label": "String"
					}
				},
				{
					"id": "573ac42d-f48e-46a4-acac-edce8eb37457",
					"name": "updated at",
					"protocol": "openid-connect",
					"protocolMapper": "oidc-usermodel-attribute-mapper",
					"consentRequired": false,
					"config": {
						"introspection.token.claim": "true",
						"userinfo.token.claim": "true",
						"user.attribute": "updatedAt",
						"id.token.claim": "true",
						"access.token.claim": "true",
						"claim.name": "updated_at",
						"jsonType.label": "long"
					}
				},
				{
					"id": "4f45c00d-d62b-4632-8fb7-4251a6ab6215",
					"name": "username",
					"protocol": "openid-connect",
					"protocolMapper": "oidc-usermodel-attribute-mapper",
					"consentRequired": false,
					"config": {
						"introspection.token.claim": "true",
						"userinfo.token.claim": "true",
						"user.attribute": "username",
						"id.token.claim": "true",
						"access.token.claim": "true",
						"claim.name": "preferred_username",
						"jsonType.label": "String"
					}
				},
				{
					"id": "fddc38b5-cb74-4cea-bd94-27bfc8e80bb0",
					"name": "picture",
					"protocol": "openid-connect",
					"protocolMapper": "oidc-usermodel-attribute-mapper",
					"consentRequired": false,
					"config": {
						"introspection.token.claim": "true",
						"userinfo.token.claim": "true",
						"user.attribute": "picture",
						"id.token.claim": "true",
						"access.token.claim": "true",
						"claim.name": "picture",
						"jsonType.label": "String"
					}
				},
				{
					"id": "fe6ea7b4-190e-4a13-8592-17574f741152",
					"name": "full name",
					"protocol": "openid-connect",
					"protocolMapper": "oidc-full-name-mapper",
					"consentRequired": false,
					"config": {
						"id.token.claim": "true",
						"introspection.token.claim": "true",
						"access.token.claim": "true",
						"userinfo.token.claim": "true"
					}
				}
			]
		},
		{
			"id": "0551b11f-08b2-41fc-bdc5-ef51f6c117b9",
			"name": "roles",
			"description": "OpenID Connect scope for add user roles to the access token",
			"protocol": "openid-connect",
			"attributes": {
				"include.in.token.scope": "false",
				"consent.screen.text": "${rolesScopeConsentText}",
				"display.on.consent.screen": "true"
			},
			"protocolMappers": [
				{
					"id": "386af620-6da1-42fa-b187-2e557a31aaef",
					"name": "realm roles",
					"protocol": "openid-connect",
					"protocolMapper": "oidc-usermodel-realm-role-mapper",
					"consentRequired": false,
					"config": {
						"user.attribute": "foo",
						"introspection.token.claim": "true",
						"access.token.claim": "true",
						"claim.name": "realm_access.roles",
						"jsonType.label": "String",
						"multivalued": "true"
					}
				},
				{
					"id": "a6e9e5a1-7925-44e5-adb7-f755b506e8c1",
					"name": "client roles",
					"protocol": "openid-connect",
					"protocolMapper": "oidc-usermodel-client-role-mapper",
					"consentRequired": false,
					"config": {
						"user.attribute": "foo",
						"introspection.token.claim": "true",
						"access.token.claim": "true",
						"claim.name": "resource_access.${client_id}.roles",
						"jsonType.label": "String",
						"multivalued": "true"
					}
				},
				{
					"id": "e128c64f-4cb5-4ed5-9cd0-ad9a654665ee",
					"name": "audience resolve",
					"protocol": "openid-connect",
					"protocolMapper": "oidc-audience-resolve-mapper",
					"consentRequired": false,
					"config": {
						"introspection.token.claim": "true",
						"access.token.claim": "true"
					}
				}
			]
		},
		{
			"id": "5b879d40-3a6a-4ab6-aefb-e067c84c2fd0",
			"name": "web-origins",
			"description": "OpenID Connect scope for add allowed web origins to the access token",
			"protocol": "openid-connect",
			"attributes": {
				"include.in.token.scope": "false",
				"consent.screen.text": "",
				"display.on.consent.screen": "false"
			},
			"protocolMappers": [
				{
					"id": "90873097-4f12-4a84-9cf8-1aafcf09a425",
					"name": "allowed web origins",
					"protocol": "openid-connect",
					"protocolMapper": "oidc-allowed-origins-mapper",
					"consentRequired": false,
					"config": {
						"introspection.token.claim": "true",
						"access.token.claim": "true"
					}
				}
			]
		},
		{
			"id": "352e17c5-be0b-484d-9c36-d878462fbe44",
			"name": "role_list",
			"description": "SAML role list",
			"protocol": "saml",
			"attributes": {
				"consent.screen.text": "${samlRoleListScopeConsentText}",
				"display.on.consent.screen": "true"
			},
			"protocolMappers": [
				{
					"id": "6e3313f0-f808-4c2d-b2da-4e997380fa67",
					"name": "role list",
					"protocol": "saml",
					"protocolMapper": "saml-role-list-mapper",
					"consentRequired": false,
					"config": {
						"single": "false",
						"attribute.nameformat": "Basic",
						"attribute.name": "Role"
					}
				}
			]
		},
		{
			"id": "e936318f-7c8f-43ef-b040-38411f5f6204",
			"name": "microprofile-jwt",
			"description": "Microprofile - JWT built-in scope",
			"protocol": "openid-connect",
			"attributes": {
				"include.in.token.scope": "true",
				"display.on.consent.screen": "false"
			},
			"protocolMappers": [
				{
					"id": "fd00bc7f-d852-46aa-a2a5-57f43ad9634f",
					"name": "upn",
					"protocol": "openid-connect",
					"protocolMapper": "oidc-usermodel-attribute-mapper",
					"consentRequired": false,
					"config": {
						"introspection.token.claim": "true",
						"userinfo.token.claim": "true",
						"user.attribute": "username",
						"id.token.claim": "true",
						"access.token.claim": "true",
						"claim.name": "upn",
						"jsonType.label": "String"
					}
				},
				{
					"id": "03047407-f249-4398-b68b-2b982cdc5ff6",
					"name": "groups",
					"protocol": "openid-connect",
					"protocolMapper": "oidc-usermodel-realm-role-mapper",
					"consentRequired": false,
					"config": {
						"introspection.token.claim": "true",
						"multivalued": "true",
						"userinfo.token.claim": "true",
						"user.attribute": "foo",
						"id.token.claim": "true",
						"access.token.claim": "true",
						"claim.name": "groups",
						"jsonType.label": "String"
					}
				}
			]
		},
		{
			"id": "4a46d0a3-9107-4385-a043-6b95f1b365da",
			"name": "saml_organization",
			"description": "Organization Membership",
			"protocol": "saml",
			"attributes": {
				"display.on.consent.screen": "false"
			},
			"protocolMappers": [
				{
					"id": "a0be69ec-889a-4bea-a22b-dc667ddb0c37",
					"name": "organization",
					"protocol": "saml",
					"protocolMapper": "saml-organization-membership-mapper",
					"consentRequired": false,
					"config": {}
				}
			]
		},
		{
			"id": "716ea304-a425-4600-b133-564f4b2a898f",
			"name": "basic",
			"description": "OpenID Connect scope for add all basic claims to the token",
			"protocol": "openid-connect",
			"attributes": {
				"include.in.token.scope": "false",
				"display.on.consent.screen": "false"
			},
			"protocolMappers": [
				{
					"id": "390f10b3-f324-4c8f-8d09-2dda37a31d55",
					"name": "sub",
					"protocol": "openid-connect",
					"protocolMapper": "oidc-sub-mapper",
					"consentRequired": false,
					"config": {
						"introspection.token.claim": "true",
						"access.token.claim": "true"
					}
				},
				{
					"id": "0dc0220b-235f-45db-af9d-473971893800",
					"name": "auth_time",
					"protocol": "openid-connect",
					"protocolMapper": "oidc-usersessionmodel-note-mapper",
					"consentRequired": false,
					"config": {
						"user.session.note": "AUTH_TIME",
						"introspection.token.claim": "true",
						"userinfo.token.claim": "true",
						"id.token.claim": "true",
						"access.token.claim": "true",
						"claim.name": "auth_time",
						"jsonType.label": "long"
					}
				}
			]
		},
		{
			"id": "0a63712a-28cf-4ef0-bd5b-67c4d75572c5",
			"name": "email",
			"description": "OpenID Connect built-in scope: email",
			"protocol": "openid-connect",
			"attributes": {
				"include.in.token.scope": "true",
				"consent.screen.text": "${emailScopeConsentText}",
				"display.on.consent.screen": "true"
			},
			"protocolMappers": [
				{
					"id": "05d3008e-d68e-4d83-a24c-51a9a72e92e4",
					"name": "email",
					"protocol": "openid-connect",
					"protocolMapper": "oidc-usermodel-attribute-mapper",
					"consentRequired": false,
					"config": {
						"introspection.token.claim": "true",
						"userinfo.token.claim": "true",
						"user.attribute": "email",
						"id.token.claim": "true",
						"access.token.claim": "true",
						"claim.name": "email",
						"jsonType.label": "String"
					}
				},
				{
					"id": "59b5d413-fa42-4d61-9aef-0425bf64566e",
					"name": "email verified",
					"protocol": "openid-connect",
					"protocolMapper": "oidc-usermodel-property-mapper",
					"consentRequired": false,
					"config": {
						"introspection.token.claim": "true",
						"userinfo.token.claim": "true",
						"user.attribute": "emailVerified",
						"id.token.claim": "true",
						"access.token.claim": "true",
						"claim.name": "email_verified",
						"jsonType.label": "boolean"
					}
				}
			]
		},
		{
			"id": "f7bb8a83-8766-43b8-bf4a-3964adfe6096",
			"name": "phone",
			"description": "OpenID Connect built-in scope: phone",
			"protocol": "openid-connect",
			"attributes": {
				"include.in.token.scope": "true",
				"consent.screen.text": "${phoneScopeConsentText}",
				"display.on.consent.screen": "true"
			},
			"protocolMappers": [
				{
					"id": "fdfa235f-cc48-409e-99fb-6538637d6162",
					"name": "phone number",
					"protocol": "openid-connect",
					"protocolMapper": "oidc-usermodel-attribute-mapper",
					"consentRequired": false,
					"config": {
						"introspection.token.claim": "true",
						"userinfo.token.claim": "true",
						"user.attribute": "phoneNumber",
						"id.token.claim": "true",
						"access.token.claim": "true",
						"claim.name": "phone_number",
						"jsonType.label": "String"
					}
				},
				{
					"id": "67e34712-8276-452d-a2d4-30905620bcfb",
					"name": "phone number verified",
					"protocol": "openid-connect",
					"protocolMapper": "oidc-usermodel-attribute-mapper",
					"consentRequired": false,
					"config": {
						"introspection.token.claim": "true",
						"userinfo.token.claim": "true",
						"user.attribute": "phoneNumberVerified",
						"id.token.claim": "true",
						"access.token.claim": "true",
						"claim.name": "phone_number_verified",
						"jsonType.label": "boolean"
					}
				}
			]
		},
		{
			"id": "6f021812-ca0d-4274-959f-2cfb26cafbbb",
			"name": "organization",
			"description": "Additional claims about the organization a subject belongs to",
			"protocol": "openid-connect",
			"attributes": {
				"include.in.token.scope": "true",
				"consent.screen.text": "${organizationScopeConsentText}",
				"display.on.consent.screen": "true"
			},
			"protocolMappers": [
				{
					"id": "77ad3459-4ac3-410e-b0f3-c01edce54c5c",
					"name": "organization",
					"protocol": "openid-connect",
					"protocolMapper": "oidc-organization-membership-mapper",
					"consentRequired": false,
					"config": {
						"introspection.token.claim": "true",
						"multivalued": "true",
						"userinfo.token.claim": "true",
						"id.token.claim": "true",
						"access.token.claim": "true",
						"claim.name": "organization",
						"jsonType.label": "String"
					}
				}
			]
		},
		{
			"id": "c9fb8f4b-f8af-4cc6-a96d-687e894486b2",
			"name": "offline_access",
			"description": "OpenID Connect built-in scope: offline_access",
			"protocol": "openid-connect",
			"attributes": {
				"consent.screen.text": "${offlineAccessScopeConsentText}",
				"display.on.consent.screen": "true"
			}
		},
		{
			"id": "7568d8dd-41fd-4230-92d9-3139b4f15d31",
			"name": "acr",
			"description": "OpenID Connect scope for add acr (authentication context class reference) to the token",
			"protocol": "openid-connect",
			"attributes": {
				"include.in.token.scope": "false",
				"display.on.consent.screen": "false"
			},
			"protocolMappers": [
				{
					"id": "a8bf73df-1c8f-41c4-8b0c-28848a76b0ce",
					"name": "acr loa level",
					"protocol": "openid-connect",
					"protocolMapper": "oidc-acr-mapper",
					"consentRequired": false,
					"config": {
						"id.token.claim": "true",
						"introspection.token.claim": "true",
						"access.token.claim": "true",
						"userinfo.token.claim": "true"
					}
				}
			]
		},
		{
			"id": "78b1475c-c9a5-4651-bf3b-cce4d61ae0cd",
			"name": "address",
			"description": "OpenID Connect built-in scope: address",
			"protocol": "openid-connect",
			"attributes": {
				"include.in.token.scope": "true",
				"consent.screen.text": "${addressScopeConsentText}",
				"display.on.consent.screen": "true"
			},
			"protocolMappers": [
				{
					"id": "51116c18-47a6-4161-8e7c-d5308a7b821d",
					"name": "address",
					"protocol": "openid-connect",
					"protocolMapper": "oidc-address-mapper",
					"consentRequired": false,
					"config": {
						"user.attribute.formatted": "formatted",
						"user.attribute.country": "country",
						"introspection.token.claim": "true",
						"user.attribute.postal_code": "postal_code",
						"userinfo.token.claim": "true",
						"user.attribute.street": "street",
						"id.token.claim": "true",
						"user.attribute.region": "region",
						"access.token.claim": "true",
						"user.attribute.locality": "locality"
					}
				}
			]
		}
	],
	"defaultDefaultClientScopes": [
		"role_list",
		"saml_organization",
		"profile",
		"email",
		"roles",
		"web-origins",
		"acr",
		"basic"
	],
	"defaultOptionalClientScopes": [
		"offline_access",
		"address",
		"phone",
		"microprofile-jwt",
		"organization"
	],
	"browserSecurityHeaders": {
		"contentSecurityPolicyReportOnly": "",
		"xContentTypeOptions": "nosniff",
		"referrerPolicy": "no-referrer",
		"xRobotsTag": "none",
		"xFrameOptions": "SAMEORIGIN",
		"contentSecurityPolicy": "frame-src 'self'; frame-ancestors 'self'; object-src 'none';",
		"xXSSProtection": "1; mode=block",
		"strictTransportSecurity": "max-age=31536000; includeSubDomains"
	},
	"smtpServer": {},
	"eventsEnabled": false,
	"eventsListeners": ["jboss-logging"],
	"enabledEventTypes": [],
	"adminEventsEnabled": false,
	"adminEventsDetailsEnabled": false,
	"identityProviders": [],
	"identityProviderMappers": [],
	"components": {
		"org.keycloak.services.clientregistration.policy.ClientRegistrationPolicy": [
			{
				"id": "7941ac09-371f-4e16-abe6-069f061c2351",
				"name": "Allowed Client Scopes",
				"providerId": "allowed-client-templates",
				"subType": "authenticated",
				"subComponents": {},
				"config": {
					"allow-default-scopes": ["true"]
				}
			},
			{
				"id": "f8a366ab-4da9-4db5-877b-594ecd5f51c0",
				"name": "Full Scope Disabled",
				"providerId": "scope",
				"subType": "anonymous",
				"subComponents": {},
				"config": {}
			},
			{
				"id": "66193087-82ca-43bc-b1a1-fb71dc832964",
				"name": "Max Clients Limit",
				"providerId": "max-clients",
				"subType": "anonymous",
				"subComponents": {},
				"config": {
					"max-clients": ["200"]
				}
			},
			{
				"id": "18d7cc12-af26-4778-a30d-9dadd75f1829",
				"name": "Allowed Protocol Mapper Types",
				"providerId": "allowed-protocol-mappers",
				"subType": "anonymous",
				"subComponents": {},
				"config": {
					"allowed-protocol-mapper-types": [
						"oidc-address-mapper",
						"oidc-usermodel-property-mapper",
						"oidc-full-name-mapper",
						"saml-role-list-mapper",
						"oidc-sha256-pairwise-sub-mapper",
						"saml-user-property-mapper",
						"oidc-usermodel-attribute-mapper",
						"saml-user-attribute-mapper"
					]
				}
			},
			{
				"id": "cfcc0fcb-ff9c-45a0-bc4f-ad4f5e97c8ee",
				"name": "Trusted Hosts",
				"providerId": "trusted-hosts",
				"subType": "anonymous",
				"subComponents": {},
				"config": {
					"host-sending-registration-request-must-match": ["true"],
					"client-uris-must-match": ["true"]
				}
			},
			{
				"id": "2979c89b-e82f-48ed-a4f2-8692a53b386f",
				"name": "Consent Required",
				"providerId": "consent-required",
				"subType": "anonymous",
				"subComponents": {},
				"config": {}
			},
			{
				"id": "8880c2c0-33eb-4d5c-a143-2e1349b32cee",
				"name": "Allowed Client Scopes",
				"providerId": "allowed-client-templates",
				"subType": "anonymous",
				"subComponents": {},
				"config": {
					"allow-default-scopes": ["true"]
				}
			},
			{
				"id": "93da9995-58ba-40e8-8bce-c8dc1e1ae950",
				"name": "Allowed Protocol Mapper Types",
				"providerId": "allowed-protocol-mappers",
				"subType": "authenticated",
				"subComponents": {},
				"config": {
					"allowed-protocol-mapper-types": [
						"oidc-usermodel-property-mapper",
						"oidc-sha256-pairwise-sub-mapper",
						"saml-role-list-mapper",
						"oidc-address-mapper",
						"saml-user-property-mapper",
						"oidc-full-name-mapper",
						"oidc-usermodel-attribute-mapper",
						"saml-user-attribute-mapper"
					]
				}
			}
		],
		"org.keycloak.keys.KeyProvider": [
			{
				"id": "66bdcc86-56bb-4f6c-8c64-2bbc8bc3e799",
				"name": "aes-generated",
				"providerId": "aes-generated",
				"subComponents": {},
				"config": {
					"priority": ["100"]
				}
			},
			{
				"id": "caa6e2e1-ef76-4a39-87da-3c6d2f71fbe8",
				"name": "rsa-enc-generated",
				"providerId": "rsa-enc-generated",
				"subComponents": {},
				"config": {
					"priority": ["100"],
					"algorithm": ["RSA-OAEP"]
				}
			},
			{
				"id": "a678a506-752c-4144-9a87-96122ba79faf",
				"name": "hmac-generated-hs512",
				"providerId": "hmac-generated",
				"subComponents": {},
				"config": {
					"priority": ["100"],
					"algorithm": ["HS512"]
				}
			},
			{
				"id": "e5054deb-6ffc-441d-8072-d5777782bc16",
				"name": "rsa-generated",
				"providerId": "rsa-generated",
				"subComponents": {},
				"config": {
					"priority": ["100"]
				}
			}
		]
	},
	"internationalizationEnabled": false,
	"supportedLocales": [],
	"authenticationFlows": [
		{
			"id": "bf576895-c059-4fd1-902d-32068c0f5d82",
			"alias": "Account verification options",
			"description": "Method with which to verity the existing account",
			"providerId": "basic-flow",
			"topLevel": false,
			"builtIn": true,
			"authenticationExecutions": [
				{
					"authenticator": "idp-email-verification",
					"authenticatorFlow": false,
					"requirement": "ALTERNATIVE",
					"priority": 10,
					"autheticatorFlow": false,
					"userSetupAllowed": false
				},
				{
					"authenticatorFlow": true,
					"requirement": "ALTERNATIVE",
					"priority": 20,
					"autheticatorFlow": true,
					"flowAlias": "Verify Existing Account by Re-authentication",
					"userSetupAllowed": false
				}
			]
		},
		{
			"id": "9dd928d3-17d9-42ad-ac2b-2a69511c256a",
			"alias": "Browser - Conditional OTP",
			"description": "Flow to determine if the OTP is required for the authentication",
			"providerId": "basic-flow",
			"topLevel": false,
			"builtIn": true,
			"authenticationExecutions": [
				{
					"authenticator": "conditional-user-configured",
					"authenticatorFlow": false,
					"requirement": "REQUIRED",
					"priority": 10,
					"autheticatorFlow": false,
					"userSetupAllowed": false
				},
				{
					"authenticator": "auth-otp-form",
					"authenticatorFlow": false,
					"requirement": "REQUIRED",
					"priority": 20,
					"autheticatorFlow": false,
					"userSetupAllowed": false
				}
			]
		},
		{
			"id": "d3d04a5a-2ccb-4c8c-b27a-7789bf87333c",
			"alias": "Browser - Conditional Organization",
			"description": "Flow to determine if the organization identity-first login is to be used",
			"providerId": "basic-flow",
			"topLevel": false,
			"builtIn": true,
			"authenticationExecutions": [
				{
					"authenticator": "conditional-user-configured",
					"authenticatorFlow": false,
					"requirement": "REQUIRED",
					"priority": 10,
					"autheticatorFlow": false,
					"userSetupAllowed": false
				},
				{
					"authenticator": "organization",
					"authenticatorFlow": false,
					"requirement": "ALTERNATIVE",
					"priority": 20,
					"autheticatorFlow": false,
					"userSetupAllowed": false
				}
			]
		},
		{
			"id": "f46d6a10-6c0b-4c56-8615-4f16bda98c80",
			"alias": "Direct Grant - Conditional OTP",
			"description": "Flow to determine if the OTP is required for the authentication",
			"providerId": "basic-flow",
			"topLevel": false,
			"builtIn": true,
			"authenticationExecutions": [
				{
					"authenticator": "conditional-user-configured",
					"authenticatorFlow": false,
					"requirement": "REQUIRED",
					"priority": 10,
					"autheticatorFlow": false,
					"userSetupAllowed": false
				},
				{
					"authenticator": "direct-grant-validate-otp",
					"authenticatorFlow": false,
					"requirement": "REQUIRED",
					"priority": 20,
					"autheticatorFlow": false,
					"userSetupAllowed": false
				}
			]
		},
		{
			"id": "1361dcb9-4878-4f56-99af-43d604975ab1",
			"alias": "First Broker Login - Conditional Organization",
			"description": "Flow to determine if the authenticator that adds organization members is to be used",
			"providerId": "basic-flow",
			"topLevel": false,
			"builtIn": true,
			"authenticationExecutions": [
				{
					"authenticator": "conditional-user-configured",
					"authenticatorFlow": false,
					"requirement": "REQUIRED",
					"priority": 10,
					"autheticatorFlow": false,
					"userSetupAllowed": false
				},
				{
					"authenticator": "idp-add-organization-member",
					"authenticatorFlow": false,
					"requirement": "REQUIRED",
					"priority": 20,
					"autheticatorFlow": false,
					"userSetupAllowed": false
				}
			]
		},
		{
			"id": "d84fd610-cb25-4738-b17b-0271b28b3b0a",
			"alias": "First broker login - Conditional OTP",
			"description": "Flow to determine if the OTP is required for the authentication",
			"providerId": "basic-flow",
			"topLevel": false,
			"builtIn": true,
			"authenticationExecutions": [
				{
					"authenticator": "conditional-user-configured",
					"authenticatorFlow": false,
					"requirement": "REQUIRED",
					"priority": 10,
					"autheticatorFlow": false,
					"userSetupAllowed": false
				},
				{
					"authenticator": "auth-otp-form",
					"authenticatorFlow": false,
					"requirement": "REQUIRED",
					"priority": 20,
					"autheticatorFlow": false,
					"userSetupAllowed": false
				}
			]
		},
		{
			"id": "3293b518-284a-4b2e-99c3-59c896179985",
			"alias": "Handle Existing Account",
			"description": "Handle what to do if there is existing account with same email/username like authenticated identity provider",
			"providerId": "basic-flow",
			"topLevel": false,
			"builtIn": true,
			"authenticationExecutions": [
				{
					"authenticator": "idp-confirm-link",
					"authenticatorFlow": false,
					"requirement": "REQUIRED",
					"priority": 10,
					"autheticatorFlow": false,
					"userSetupAllowed": false
				},
				{
					"authenticatorFlow": true,
					"requirement": "REQUIRED",
					"priority": 20,
					"autheticatorFlow": true,
					"flowAlias": "Account verification options",
					"userSetupAllowed": false
				}
			]
		},
		{
			"id": "931190aa-2435-455f-9c9c-0e9f5e9324d0",
			"alias": "Organization",
			"providerId": "basic-flow",
			"topLevel": false,
			"builtIn": true,
			"authenticationExecutions": [
				{
					"authenticatorFlow": true,
					"requirement": "CONDITIONAL",
					"priority": 10,
					"autheticatorFlow": true,
					"flowAlias": "Browser - Conditional Organization",
					"userSetupAllowed": false
				}
			]
		},
		{
			"id": "c3a7dbae-39b5-4161-87e0-687861e073bf",
			"alias": "Reset - Conditional OTP",
			"description": "Flow to determine if the OTP should be reset or not. Set to REQUIRED to force.",
			"providerId": "basic-flow",
			"topLevel": false,
			"builtIn": true,
			"authenticationExecutions": [
				{
					"authenticator": "conditional-user-configured",
					"authenticatorFlow": false,
					"requirement": "REQUIRED",
					"priority": 10,
					"autheticatorFlow": false,
					"userSetupAllowed": false
				},
				{
					"authenticator": "reset-otp",
					"authenticatorFlow": false,
					"requirement": "REQUIRED",
					"priority": 20,
					"autheticatorFlow": false,
					"userSetupAllowed": false
				}
			]
		},
		{
			"id": "b8f4ae58-73d4-4992-a197-a51500cc4e1e",
			"alias": "User creation or linking",
			"description": "Flow for the existing/non-existing user alternatives",
			"providerId": "basic-flow",
			"topLevel": false,
			"builtIn": true,
			"authenticationExecutions": [
				{
					"authenticatorConfig": "create unique user config",
					"authenticator": "idp-create-user-if-unique",
					"authenticatorFlow": false,
					"requirement": "ALTERNATIVE",
					"priority": 10,
					"autheticatorFlow": false,
					"userSetupAllowed": false
				},
				{
					"authenticatorFlow": true,
					"requirement": "ALTERNATIVE",
					"priority": 20,
					"autheticatorFlow": true,
					"flowAlias": "Handle Existing Account",
					"userSetupAllowed": false
				}
			]
		},
		{
			"id": "56087c34-d240-4dd5-a649-b838e3c07bcb",
			"alias": "Verify Existing Account by Re-authentication",
			"description": "Reauthentication of existing account",
			"providerId": "basic-flow",
			"topLevel": false,
			"builtIn": true,
			"authenticationExecutions": [
				{
					"authenticator": "idp-username-password-form",
					"authenticatorFlow": false,
					"requirement": "REQUIRED",
					"priority": 10,
					"autheticatorFlow": false,
					"userSetupAllowed": false
				},
				{
					"authenticatorFlow": true,
					"requirement": "CONDITIONAL",
					"priority": 20,
					"autheticatorFlow": true,
					"flowAlias": "First broker login - Conditional OTP",
					"userSetupAllowed": false
				}
			]
		},
		{
			"id": "bf4e695a-fcf3-4eb0-8007-013ac92d4c91",
			"alias": "browser",
			"description": "Browser based authentication",
			"providerId": "basic-flow",
			"topLevel": true,
			"builtIn": true,
			"authenticationExecutions": [
				{
					"authenticator": "auth-cookie",
					"authenticatorFlow": false,
					"requirement": "ALTERNATIVE",
					"priority": 10,
					"autheticatorFlow": false,
					"userSetupAllowed": false
				},
				{
					"authenticator": "auth-spnego",
					"authenticatorFlow": false,
					"requirement": "DISABLED",
					"priority": 20,
					"autheticatorFlow": false,
					"userSetupAllowed": false
				},
				{
					"authenticator": "identity-provider-redirector",
					"authenticatorFlow": false,
					"requirement": "ALTERNATIVE",
					"priority": 25,
					"autheticatorFlow": false,
					"userSetupAllowed": false
				},
				{
					"authenticatorFlow": true,
					"requirement": "ALTERNATIVE",
					"priority": 26,
					"autheticatorFlow": true,
					"flowAlias": "Organization",
					"userSetupAllowed": false
				},
				{
					"authenticatorFlow": true,
					"requirement": "ALTERNATIVE",
					"priority": 30,
					"autheticatorFlow": true,
					"flowAlias": "forms",
					"userSetupAllowed": false
				}
			]
		},
		{
			"id": "bab72607-cb67-4a8f-b345-fdb60e5b3212",
			"alias": "clients",
			"description": "Base authentication for clients",
			"providerId": "client-flow",
			"topLevel": true,
			"builtIn": true,
			"authenticationExecutions": [
				{
					"authenticator": "client-secret",
					"authenticatorFlow": false,
					"requirement": "ALTERNATIVE",
					"priority": 10,
					"autheticatorFlow": false,
					"userSetupAllowed": false
				},
				{
					"authenticator": "client-jwt",
					"authenticatorFlow": false,
					"requirement": "ALTERNATIVE",
					"priority": 20,
					"autheticatorFlow": false,
					"userSetupAllowed": false
				},
				{
					"authenticator": "client-secret-jwt",
					"authenticatorFlow": false,
					"requirement": "ALTERNATIVE",
					"priority": 30,
					"autheticatorFlow": false,
					"userSetupAllowed": false
				},
				{
					"authenticator": "client-x509",
					"authenticatorFlow": false,
					"requirement": "ALTERNATIVE",
					"priority": 40,
					"autheticatorFlow": false,
					"userSetupAllowed": false
				}
			]
		},
		{
			"id": "f0d6270d-c48b-4902-ac04-1fef4850ca19",
			"alias": "direct grant",
			"description": "OpenID Connect Resource Owner Grant",
			"providerId": "basic-flow",
			"topLevel": true,
			"builtIn": true,
			"authenticationExecutions": [
				{
					"authenticator": "direct-grant-validate-username",
					"authenticatorFlow": false,
					"requirement": "REQUIRED",
					"priority": 10,
					"autheticatorFlow": false,
					"userSetupAllowed": false
				},
				{
					"authenticator": "direct-grant-validate-password",
					"authenticatorFlow": false,
					"requirement": "REQUIRED",
					"priority": 20,
					"autheticatorFlow": false,
					"userSetupAllowed": false
				},
				{
					"authenticatorFlow": true,
					"requirement": "CONDITIONAL",
					"priority": 30,
					"autheticatorFlow": true,
					"flowAlias": "Direct Grant - Conditional OTP",
					"userSetupAllowed": false
				}
			]
		},
		{
			"id": "76195c33-c2cb-4af0-9031-7e5e82e36abc",
			"alias": "docker auth",
			"description": "Used by Docker clients to authenticate against the IDP",
			"providerId": "basic-flow",
			"topLevel": true,
			"builtIn": true,
			"authenticationExecutions": [
				{
					"authenticator": "docker-http-basic-authenticator",
					"authenticatorFlow": false,
					"requirement": "REQUIRED",
					"priority": 10,
					"autheticatorFlow": false,
					"userSetupAllowed": false
				}
			]
		},
		{
			"id": "c9ef19d1-640d-41bb-bac3-d5629cb88a56",
			"alias": "first broker login",
			"description": "Actions taken after first broker login with identity provider account, which is not yet linked to any Keycloak account",
			"providerId": "basic-flow",
			"topLevel": true,
			"builtIn": true,
			"authenticationExecutions": [
				{
					"authenticatorConfig": "review profile config",
					"authenticator": "idp-review-profile",
					"authenticatorFlow": false,
					"requirement": "REQUIRED",
					"priority": 10,
					"autheticatorFlow": false,
					"userSetupAllowed": false
				},
				{
					"authenticatorFlow": true,
					"requirement": "REQUIRED",
					"priority": 20,
					"autheticatorFlow": true,
					"flowAlias": "User creation or linking",
					"userSetupAllowed": false
				},
				{
					"authenticatorFlow": true,
					"requirement": "CONDITIONAL",
					"priority": 50,
					"autheticatorFlow": true,
					"flowAlias": "First Broker Login - Conditional Organization",
					"userSetupAllowed": false
				}
			]
		},
		{
			"id": "8506a95b-2958-474f-94c0-23025472b577",
			"alias": "forms",
			"description": "Username, password, otp and other auth forms.",
			"providerId": "basic-flow",
			"topLevel": false,
			"builtIn": true,
			"authenticationExecutions": [
				{
					"authenticator": "auth-username-password-form",
					"authenticatorFlow": false,
					"requirement": "REQUIRED",
					"priority": 10,
					"autheticatorFlow": false,
					"userSetupAllowed": false
				},
				{
					"authenticatorFlow": true,
					"requirement": "CONDITIONAL",
					"priority": 20,
					"autheticatorFlow": true,
					"flowAlias": "Browser - Conditional OTP",
					"userSetupAllowed": false
				}
			]
		},
		{
			"id": "2b816d17-db1e-42fc-8fdf-366aa7e059fa",
			"alias": "registration",
			"description": "Registration flow",
			"providerId": "basic-flow",
			"topLevel": true,
			"builtIn": true,
			"authenticationExecutions": [
				{
					"authenticator": "registration-page-form",
					"authenticatorFlow": true,
					"requirement": "REQUIRED",
					"priority": 10,
					"autheticatorFlow": true,
					"flowAlias": "registration form",
					"userSetupAllowed": false
				}
			]
		},
		{
			"id": "ab4580b3-2e53-46ba-b62f-342e5a703371",
			"alias": "registration form",
			"description": "Registration form",
			"providerId": "form-flow",
			"topLevel": false,
			"builtIn": true,
			"authenticationExecutions": [
				{
					"authenticator": "registration-user-creation",
					"authenticatorFlow": false,
					"requirement": "REQUIRED",
					"priority": 20,
					"autheticatorFlow": false,
					"userSetupAllowed": false
				},
				{
					"authenticator": "registration-password-action",
					"authenticatorFlow": false,
					"requirement": "REQUIRED",
					"priority": 50,
					"autheticatorFlow": false,
					"userSetupAllowed": false
				},
				{
					"authenticator": "registration-recaptcha-action",
					"authenticatorFlow": false,
					"requirement": "DISABLED",
					"priority": 60,
					"autheticatorFlow": false,
					"userSetupAllowed": false
				},
				{
					"authenticator": "registration-terms-and-conditions",
					"authenticatorFlow": false,
					"requirement": "DISABLED",
					"priority": 70,
					"autheticatorFlow": false,
					"userSetupAllowed": false
				}
			]
		},
		{
			"id": "bd979dbc-cfd4-4ea8-b426-3d1c321fbc35",
			"alias": "reset credentials",
			"description": "Reset credentials for a user if they forgot their password or something",
			"providerId": "basic-flow",
			"topLevel": true,
			"builtIn": true,
			"authenticationExecutions": [
				{
					"authenticator": "reset-credentials-choose-user",
					"authenticatorFlow": false,
					"requirement": "REQUIRED",
					"priority": 10,
					"autheticatorFlow": false,
					"userSetupAllowed": false
				},
				{
					"authenticator": "reset-credential-email",
					"authenticatorFlow": false,
					"requirement": "REQUIRED",
					"priority": 20,
					"autheticatorFlow": false,
					"userSetupAllowed": false
				},
				{
					"authenticator": "reset-password",
					"authenticatorFlow": false,
					"requirement": "REQUIRED",
					"priority": 30,
					"autheticatorFlow": false,
					"userSetupAllowed": false
				},
				{
					"authenticatorFlow": true,
					"requirement": "CONDITIONAL",
					"priority": 40,
					"autheticatorFlow": true,
					"flowAlias": "Reset - Conditional OTP",
					"userSetupAllowed": false
				}
			]
		},
		{
			"id": "dca06415-d2f3-401b-9052-5ab2090367af",
			"alias": "saml ecp",
			"description": "SAML ECP Profile Authentication Flow",
			"providerId": "basic-flow",
			"topLevel": true,
			"builtIn": true,
			"authenticationExecutions": [
				{
					"authenticator": "http-basic-authenticator",
					"authenticatorFlow": false,
					"requirement": "REQUIRED",
					"priority": 10,
					"autheticatorFlow": false,
					"userSetupAllowed": false
				}
			]
		}
	],
	"authenticatorConfig": [
		{
			"id": "e9ffd7df-3507-4788-8432-de0fd9218327",
			"alias": "create unique user config",
			"config": {
				"require.password.update.after.registration": "false"
			}
		},
		{
			"id": "fe893cba-b652-477c-9129-b015402116f9",
			"alias": "review profile config",
			"config": {
				"update.profile.on.first.login": "missing"
			}
		}
	],
	"requiredActions": [
		{
			"alias": "CONFIGURE_TOTP",
			"name": "Configure OTP",
			"providerId": "CONFIGURE_TOTP",
			"enabled": true,
			"defaultAction": false,
			"priority": 10,
			"config": {}
		},
		{
			"alias": "TERMS_AND_CONDITIONS",
			"name": "Terms and Conditions",
			"providerId": "TERMS_AND_CONDITIONS",
			"enabled": false,
			"defaultAction": false,
			"priority": 20,
			"config": {}
		},
		{
			"alias": "UPDATE_PASSWORD",
			"name": "Update Password",
			"providerId": "UPDATE_PASSWORD",
			"enabled": true,
			"defaultAction": false,
			"priority": 30,
			"config": {}
		},
		{
			"alias": "UPDATE_PROFILE",
			"name": "Update Profile",
			"providerId": "UPDATE_PROFILE",
			"enabled": true,
			"defaultAction": false,
			"priority": 40,
			"config": {}
		},
		{
			"alias": "VERIFY_EMAIL",
			"name": "Verify Email",
			"providerId": "VERIFY_EMAIL",
			"enabled": true,
			"defaultAction": false,
			"priority": 50,
			"config": {}
		},
		{
			"alias": "delete_account",
			"name": "Delete Account",
			"providerId": "delete_account",
			"enabled": false,
			"defaultAction": false,
			"priority": 60,
			"config": {}
		},
		{
			"alias": "webauthn-register",
			"name": "Webauthn Register",
			"providerId": "webauthn-register",
			"enabled": true,
			"defaultAction": false,
			"priority": 70,
			"config": {}
		},
		{
			"alias": "webauthn-register-passwordless",
			"name": "Webauthn Register Passwordless",
			"providerId": "webauthn-register-passwordless",
			"enabled": true,
			"defaultAction": false,
			"priority": 80,
			"config": {}
		},
		{
			"alias": "VERIFY_PROFILE",
			"name": "Verify Profile",
			"providerId": "VERIFY_PROFILE",
			"enabled": true,
			"defaultAction": false,
			"priority": 90,
			"config": {}
		},
		{
			"alias": "delete_credential",
			"name": "Delete Credential",
			"providerId": "delete_credential",
			"enabled": true,
			"defaultAction": false,
			"priority": 100,
			"config": {}
		},
		{
			"alias": "update_user_locale",
			"name": "Update User Locale",
			"providerId": "update_user_locale",
			"enabled": true,
			"defaultAction": false,
			"priority": 1000,
			"config": {}
		}
	],
	"browserFlow": "browser",
	"registrationFlow": "registration",
	"directGrantFlow": "direct grant",
	"resetCredentialsFlow": "reset credentials",
	"clientAuthenticationFlow": "clients",
	"dockerAuthenticationFlow": "docker auth",
	"firstBrokerLoginFlow": "first broker login",
	"attributes": {
		"cibaBackchannelTokenDeliveryMode": "poll",
		"cibaAuthRequestedUserHint": "login_hint",
		"clientOfflineSessionMaxLifespan": "0",
		"oauth2DevicePollingInterval": "5",
		"clientSessionIdleTimeout": "0",
		"clientOfflineSessionIdleTimeout": "0",
		"cibaInterval": "5",
		"realmReusableOtpCode": "false",
		"cibaExpiresIn": "120",
		"oauth2DeviceCodeLifespan": "600",
		"parRequestUriLifespan": "60",
		"clientSessionMaxLifespan": "0",
		"organizationsEnabled": "false"
	},
	"keycloakVersion": "26.0.0",
	"userManagedAccessAllowed": false,
	"organizationsEnabled": false,
	"clientProfiles": {
		"profiles": []
	},
	"clientPolicies": {
		"policies": []
	}
}
